{"type": "block", "layer": 8, "block": 2, "features": [{"geom": {"lines": [[[19.781413436022575, 20.761201937075654, 4.246748464936207], [19.86812212657214, 20.572823113737325, 4.303656479114342], [19.898118040290434, 20.49351614311667, 4.319706039965219], [19.939431890804137, 20.269023685640967, 4.356832532428066], [19.99152587385513, 20.12771608951559, 4.399629618213165], [20.13498044305174, 19.82590493700063, 4.506042984132153], [20.18523905792572, 19.76984341486831, 4.531811480998552], [20.252058378600214, 19.737831780058944, 4.557782432352842], [20.363696923366923, 19.71881858368642, 4.576939034587981], [20.523593753428205, 19.71571215759838, 4.580377399091724], [20.59704342695945, 19.69295765975215, 4.582900983077306], [20.67227217711325, 19.636487163585233, 4.5922915842314715], [20.788591060410198, 19.444309321912964, 4.625069040527337], [20.86545216805088, 19.374564771702932, 4.631680188094066], [21.081417307600546, 19.272170490547225, 4.646643143584662], [21.20327369355054, 19.24488199655958, 4.660514637795525], [21.459567829423666, 19.24059414729858, 4.701360391025757], [21.54104619966024, 19.218264516208745, 4.719280227929891], [21.591926089731274, 19.18450418939938, 4.73586842230759], [21.62238096514776, 19.131851976018794, 4.756691725511301], [21.773547189591792, 18.66776282939222, 4.899304476810215], [21.80146404400576, 18.544720928310024, 4.93694196141224], [21.810011608533607, 18.433199100991224, 4.970238627557122], [21.828974897383404, 18.361308522900035, 4.9934517901953726], [21.947690823444642, 18.011660568564075, 5.061555686966738]]]}, "mtl": 0}, {"geom": {"lines": [[[19.64631308948067, 16.829311740891686, 4.922258408056223], [19.675422026294743, 16.774406299494714, 4.913793046323651], [19.70222154733715, 16.691385953557713, 4.884695629907294], [19.8234397380434, 16.54508949814267, 4.794368804533466], [19.90117117717738, 16.46266512580786, 4.753117395262923], [19.986093144008343, 16.315817834492815, 4.697759913518795], [20.03774311898866, 16.155218603990335, 4.643232046936299], [20.081620254801223, 16.068827455164573, 4.606929940183365], [20.165969804654193, 15.96312185926439, 4.556291665081312], [20.216404347347915, 15.88107568891834, 4.532293711153287], [20.263236438762977, 15.790387049706338, 4.510332255136659], [20.31719345286156, 15.62391112209018, 4.462581384446765], [20.399915748634456, 15.441865883362285, 4.399575082502405], [20.44206293063172, 15.29621632732984, 4.351171650944718], [20.448378755075602, 15.176487995766077, 4.3300259893958986], [20.44407481591246, 15.013391769788305, 4.3092620778224], [20.407016124314058, 14.863291401255854, 4.275000951368048]]]}, "mtl": 0}, {"geom": {"lines": [[[9.324644237445789, 13.293619108845025, 4.3434339300653], [9.295960354736554, 13.35454967109899, 4.330510087211961], [9.237375414902138, 13.399549268593603, 4.3190680468557785], [7.504053046396352, 13.800091298629706, 4.186781221503791], [7.3436262887396575, 13.830837812136298, 4.1738809111831765], [7.237266704919898, 13.834159355928715, 4.170407434646478], [7.105029589345079, 13.820944620294314, 4.167024352918027]]]}, "mtl": 0}, {"geom": {"lines": [[[2.3620765321897164, 11.551309935998582, 3.3988134133447914], [2.3553428999898762, 11.46779863931308, 3.398523925839044], [2.3324695958424013, 11.398982406890436, 3.3953317190982526], [1.5738652639596395, 10.035054340640587, 3.334925201721633]]]}, "mtl": 0}]}